{
  "train_loss": [
    0.024304096288979053,
    0.00810178903862834,
    0.006048616621410474,
    0.005235002265544608,
    0.004807011156808585,
    0.004277693807380274,
    0.004016190007096156,
    0.0038352221046807243,
    0.003576305939932354,
    0.003349409024231136,
    0.0031236144714057446,
    0.003076595199818257,
    0.0029854348668595775,
    0.0028986219852231445,
    0.002830745565588586,
    0.0027596285706385972,
    0.0027056058749440125,
    0.002623091337736696,
    0.0025539376866072416,
    0.002521136209834367,
    0.0024348319839918985,
    0.0024158462102059275,
    0.0023819875728804617,
    0.0023429680813569576,
    0.0023242370143998414,
    0.002282298561767675,
    0.0022587292891694233,
    0.002228062438953202,
    0.002202368786674924,
    0.00218388997745933,
    0.0021427068195771426,
    0.002131490370375104,
    0.0021130280202487483,
    0.002098168633528985,
    0.00208308593777474,
    0.0020674402487929912,
    0.002057890486321412,
    0.002049102486344054,
    0.002027505228470545,
    0.0020139720087172463,
    0.001995742424624041,
    0.0019894271358498372,
    0.0019825297899660655,
    0.0019729403505334632,
    0.001966318596969359,
    0.0019598075002431868,
    0.00195335924916435,
    0.0019451537920394913,
    0.0019383143720915542,
    0.0019306238598073833
  ],
  "val_mae": [
    67.3751153583768,
    27.34331633773031,
    25.400990570647807,
    29.078893999510175,
    19.679470659811287,
    18.297732962837703,
    24.36078130444394,
    18.169453301007234,
    18.646593398685695,
    16.80046048345445,
    18.455489967442766,
    16.008036770398103,
    16.40189902993697,
    15.789914783043198,
    16.826524722425244,
    16.932441316073454,
    15.335487967805017,
    15.826283198368701,
    15.656234676324868,
    14.967210830012455,
    15.140622300437734,
    14.835225687751286,
    15.846569655816767,
    14.6957624562179,
    14.569857782955411,
    14.81001748012591,
    18.184716052646877,
    14.186556186857104,
    21.84197137929216,
    15.379175765604913,
    14.375120998937872,
    14.197813556164126,
    14.469588237472728,
    14.045297127735767,
    14.375358825997461,
    13.978498692753949,
    15.137130100515824,
    14.268687254265894,
    13.869054214863837,
    13.845147934141039,
    13.963897359522083,
    13.851457933836345,
    14.088995529126517,
    13.993812826615345,
    13.772916736482065,
    14.035666843003865,
    13.77896524381034,
    14.08887131757374,
    14.464314721807648,
    13.943228499798835
  ],
  "val_mse": [
    77.06853975868478,
    40.67640681434935,
    35.179310685176,
    45.482113852485824,
    31.26329058529375,
    27.557924647064727,
    37.688904300749655,
    26.917691219068445,
    30.13591372490087,
    25.972339773206738,
    27.254980446870665,
    25.480761040669723,
    25.692099221430333,
    25.647205979527946,
    25.918706754386584,
    26.08615984390625,
    25.309824182866674,
    25.369652086999572,
    26.059505866564916,
    24.645458573906406,
    24.718073289610306,
    24.6360425793122,
    25.346563645985903,
    24.536435298091057,
    24.3810890112077,
    24.56744580123302,
    28.035357309996705,
    24.08230482550541,
    31.998917889045902,
    24.852665300465386,
    24.017171352906278,
    23.908262786799327,
    24.09822080123265,
    23.938448168823065,
    23.997429617882467,
    23.81529715200127,
    24.603762480352433,
    23.866832061697593,
    23.718362441643308,
    23.683277359159877,
    23.61803062563558,
    23.548264944654175,
    23.694614608533914,
    23.63171974019171,
    23.48374782317199,
    23.676654072585407,
    23.57788600153536,
    23.695898473316255,
    24.005640259490935,
    23.591578530677353
  ]
}