{
  "train_loss": [
    0.030133868531723108,
    0.018131977416175817,
    0.013968820950415517,
    0.012510646424655403,
    0.010998781042373075,
    0.010313431765618069,
    0.009884013454429805,
    0.008330368499404618,
    0.008472153108700045,
    0.00793036627283852,
    0.006859433533557292,
    0.006567103735038212,
    0.006396813434881291,
    0.0060572096422713785,
    0.005888673553376325,
    0.005728770251984575,
    0.005577109820774889,
    0.005404252318798431,
    0.00521776792061116,
    0.004979299325163343,
    0.004770226312934288,
    0.004753672928283257,
    0.004656871621763067,
    0.004527957712832306,
    0.004480691610037216,
    0.0043757151938708765,
    0.004328278773796878,
    0.004315343146944152,
    0.004224787944196058,
    0.004136581287852355,
    0.004037518529221415,
    0.0039923621705799765,
    0.0039776780063818604,
    0.003932547138538212,
    0.003922166233948831,
    0.0038854894850270023,
    0.0038340144966995077,
    0.0038590736228174397,
    0.003779867916600779,
    0.0037573290104046466,
    0.0037004045508469323,
    0.003688370440088745,
    0.0036649940465576947,
    0.003654979801337634,
    0.0036369859626782792,
    0.0036187918783564654,
    0.0036067720088509047,
    0.0035860023850442044,
    0.0035780371160113386,
    0.0035594733501784505,
    0.0035291604800815027,
    0.003528997494972178,
    0.0035233861168048213,
    0.0035089036547911487,
    0.003501012792112306,
    0.003491731211543083,
    0.0034785818684447026,
    0.0034838569012936205,
    0.0034719365073501,
    0.0034654316193025027
  ],
  "val_mae": [
    66.28674861034715,
    119.51446909310827,
    54.3704372658787,
    89.0115638028187,
    58.460155919852504,
    52.78930202736912,
    54.263779151870544,
    48.51901065680875,
    90.86514526773169,
    59.5489335806973,
    45.381220606914965,
    43.92801801267877,
    47.13699034418926,
    47.4590616819849,
    44.132630988775965,
    43.29606401297941,
    47.58154040838341,
    42.54809610910684,
    42.13309195338483,
    42.85474484991357,
    42.45647964132837,
    43.99735209262036,
    42.01909453801841,
    41.470456904675586,
    42.414516161723306,
    40.85989257322258,
    40.885125317248,
    41.25378709816071,
    40.04193945965135,
    41.450167012501915,
    41.03254399625173,
    43.77833210703838,
    42.37204927229977,
    40.48837224738186,
    41.01124763105768,
    42.99856243937849,
    40.2789519398088,
    40.319693335567614,
    41.0447826155697,
    40.03980292661123,
    40.57445800926791,
    40.01294738317589,
    40.52826367994868,
    40.73721906363246,
    40.014057624770935,
    40.16136176519126,
    40.17735074897368,
    40.65014589263732,
    39.817762135501845,
    40.40901071288021,
    39.57219723238045,
    39.90633670776245,
    39.85190374688451,
    39.8681806771152,
    39.892642168634865,
    40.59194915457423,
    39.43367440250504,
    40.700534747786314,
    39.56712626453384,
    39.832016140581615
  ],
  "val_mse": [
    124.958102495243,
    162.7432400240485,
    104.06676896269082,
    125.73282027232032,
    106.73583857621591,
    101.99704915492597,
    98.97419281494965,
    90.22297091208247,
    145.92852311228594,
    102.06427283114206,
    84.18434670143945,
    83.66157759061123,
    86.58028417554121,
    89.26345063765712,
    83.66086235262836,
    83.23846132671004,
    92.00860490066016,
    85.03092334434074,
    82.5682074426387,
    81.87320166860518,
    83.12667999449138,
    85.04395411317455,
    83.15757561105787,
    81.41731967210713,
    82.02338290988263,
    80.91262552664566,
    81.0523205447323,
    82.15379977080745,
    81.14980748061203,
    83.07206768461235,
    82.79770327961914,
    85.78671834039325,
    84.06497396668512,
    81.77869090475615,
    82.54921219312611,
    84.51478793333784,
    82.11736688381988,
    81.72619835201819,
    82.7704002540197,
    82.58538632744565,
    82.98405148311379,
    81.95801191845275,
    83.04181938919409,
    83.14406714824945,
    82.1544935567317,
    82.46523263756785,
    82.16202392048989,
    82.8774122549556,
    81.95501614652333,
    83.04694812192866,
    81.73257341446069,
    82.23833635416558,
    82.26578599211084,
    82.36848373478362,
    82.3920135090301,
    83.44752944761595,
    81.90233084115498,
    83.40320955667866,
    82.07432391615754,
    82.47112020727337
  ]
}