{
  "train_loss": [
    0.21397278055885038,
    0.1838216833813998,
    0.16819570217469212,
    0.15799209323761584,
    0.13987495531601626,
    0.15210428777242546,
    0.13280835822808706,
    0.10701660150734489,
    0.14422720926317542,
    0.1029287541292802,
    0.09308530457560182,
    0.08955974456216294,
    0.09403843704490625,
    0.08273473289105311,
    0.08110543198231447,
    0.08424097696947033,
    0.08331680289133825,
    0.07864474394688761,
    0.09680809701390806,
    0.07565833985524398,
    0.06942943226692776,
    0.06496721526042157,
    0.06430397419020757,
    0.06246326354656568,
    0.06412913836961266,
    0.06697835190388511,
    0.062092136139557635,
    0.0595299683869422,
    0.0581927253687132,
    0.05887884991829582,
    0.06015315616157599,
    0.05519717621389285,
    0.054662913201585485,
    0.05489260581766485,
    0.05395558642279539,
    0.053478748027344175,
    0.05337577612538423,
    0.05356731828845193,
    0.053104017369708253,
    0.05266448607755994,
    0.051288780927497675,
    0.05091491545002515,
    0.05056581872690808,
    0.05015909073438199,
    0.0499102064874895,
    0.049754035024751356,
    0.04968614559595136,
    0.04931605060819954,
    0.048913031734401695,
    0.04886528654129959,
    0.04832949748556886,
    0.048172889324548884,
    0.04799938825896457,
    0.04791674103816136,
    0.047734664289999916,
    0.047613576575793154,
    0.04744810905823353,
    0.04733766528505114,
    0.0471689185869093,
    0.04701653927247295,
    0.04682980522012187,
    0.04672060385690428,
    0.046652713623121844,
    0.046556057851380145,
    0.04650688110778327,
    0.04639072668023675,
    0.04636545424731309,
    0.04625442699198761,
    0.04618619315207921,
    0.04611610622112511
  ],
  "val_mae": [
    157.83602373502276,
    148.98151339234002,
    106.95998303813805,
    110.97746597041507,
    122.63675302321764,
    115.02988499408681,
    158.11208199227391,
    113.8876679766394,
    150.5903403370919,
    224.94621068881284,
    101.96814878033501,
    98.22477905402533,
    101.09719811852939,
    94.43717218718152,
    96.02999872537427,
    105.94385825550704,
    113.9799858253268,
    158.782461798907,
    140.6806758626287,
    100.70934359611388,
    90.28042448095417,
    89.21077834775723,
    88.188213030251,
    96.48353872285557,
    130.7226320310248,
    90.03105011528395,
    93.28634730620652,
    88.16770735189844,
    86.93602466921334,
    98.72404528272874,
    86.17970649740376,
    86.46027407285938,
    86.54557548578406,
    91.30529245117712,
    88.2505680953354,
    86.13098896646409,
    84.52234717271689,
    87.87753277281219,
    86.34195583186568,
    84.51064439869359,
    85.44476917195706,
    85.71138002508248,
    84.71389552848582,
    84.5682123641211,
    86.01752923600894,
    85.27917034593051,
    84.07040106693373,
    84.01704481712856,
    84.96719533054458,
    86.67995197705932,
    85.82235257772176,
    83.71791913204811,
    84.03193538057111,
    85.23775535355988,
    83.4207451148074,
    84.68189421801821,
    87.44825245097663,
    83.29085332722012,
    83.72851846303908,
    83.28694995861319,
    84.64887293261272,
    83.37700331174157,
    83.84088096542513,
    83.31929802883228,
    83.1812484378867,
    83.83494819381103,
    83.34916103227123,
    83.7307856974429,
    83.83880885787755,
    83.4618749776207
  ],
  "val_mse": [
    402.70121073998666,
    365.051874175701,
    338.67082648900123,
    350.38788174944,
    340.0640853723611,
    333.5036404712542,
    364.0701703789866,
    364.56147459672167,
    443.81320115240703,
    477.3384798028487,
    324.94569572814777,
    310.1929367796128,
    301.599907498182,
    311.19145388095734,
    289.5181206225296,
    331.3170269844154,
    302.8918243712106,
    398.9947940256012,
    452.0794119570069,
    296.3219072000953,
    291.85592308959485,
    286.87728524967616,
    282.78240491427283,
    282.80932143104343,
    392.6609146141791,
    289.7901658231833,
    288.6771406274502,
    285.00270679313013,
    281.2342505734483,
    334.0725897093706,
    280.61456233240546,
    291.8366341848411,
    279.68306414018315,
    278.7043103024834,
    281.4473551994818,
    290.90964802294025,
    284.08085775063836,
    288.12521775247495,
    281.6319062143017,
    279.7468195453277,
    276.9359092476985,
    277.39405773477176,
    286.02485547651037,
    275.79658567234384,
    276.7065741902589,
    277.9623916595823,
    285.36766457957106,
    283.9197751657782,
    281.5429427052195,
    273.3812579735433,
    278.92062332151863,
    283.663735893945,
    280.46755038750416,
    275.66733550688895,
    280.64023229541715,
    274.5173140305822,
    274.3751648002488,
    280.4929921021975,
    275.7298725555862,
    276.5078295458684,
    275.96037007811094,
    278.4377557678389,
    277.2707879986062,
    278.7466821613242,
    279.13281689790665,
    275.2783824230552,
    279.02684120568125,
    278.1941223991264,
    277.7236984078466,
    278.14440529384916
  ]
}